code,system
M161900,readv2
M161C00,readv2
M160000,readv2
M161100,readv2
M161E00,readv2
M163.00,readv2
M161F00,readv2
M161500,readv2
M161A00,readv2
M161000,readv2
M161200,readv2
M16y000,readv2
M161800,readv2
M161600,readv2
M161300,readv2
M161F11,readv2
M161H00,readv2
M161400,readv2
M161J00,readv2
M162500,readv2
M161700,readv2
M161B00,readv2
M161z00,readv2
M160z00,readv2
M160.00,readv2
M160100,readv2
M161D00,readv2
M166.00,readv2
M16y.00,readv2
M161.00,readv2
M16z.00,readv2
M16..00,readv2
M160.11,readv2
M160200,readv2